,user_id,steps,calories_burned,distance_km,active_minutes,sleep_hours,heart_rate_avg
count,1000000.0,1000000.0,1000000.0,1000000.0,1000000.0,1000000.0,1000000.0
mean,499.550302,15005.767061,2750.0081479199994,9.994464500000008,719.418241,6.0002281,119.458316
std,288.166607811701,8659.195340586119,721.4739500086342,5.77429796035472,415.89477140970024,3.4639766016969977,34.65403357974634
min,1.0,0.0,1500.0,0.0,0.0,0.0,60.0
25%,250.0,7492.0,2125.5175,4.99,359.0,3.0,89.0
50%,499.0,15020.0,2748.31,9.99,719.0,6.0,119.0
75%,749.0,22507.0,3375.19,14.99,1080.0,9.0,149.0
max,999.0,29999.0,4000.0,20.0,1439.0,12.0,179.0
